total_time;number_of_chars;number_of_errors;cpm;wpm
00:00:53.9214480;297;3;71;333
00:00:28.3243644;111;2;49,7;234
00:00:27.5674434;112;1;52,48;247
