total_time;number_of_chars;number_of_errors;cpm;wpm
00:00:53.9214480;297;3;71;333
00:00:28.3243644;111;2;49,7;234
00:00:27.5674434;112;1;52,48;247
00:00:21.0407225;124;1;75;351
00:00:01.5594214;0;126;-1609;-7560
00:00:26.9501145;119;2;57;270
00:00:33.1483432;133;2;51;238
00:00:30.6978748;114;1;48;226
00:00:25.0915213;117;4;58;271
00:00:22.4277027;117;5;65;305
00:00:30.9168489;131;3;54;256
