total_time;number_of_chars;number_of_errors;cpm;wpm
00:00:39.1510676;162;0;53,03;249
00:00:26.1659472;129;0;63,34;298
00:00:35.3815144;135;0;49,24;231
00:00:43.6107947;170;2;49,88;234
00:00:26.3876332;112;2;54,01;254
00:00:31.5950480;127;1;51,89;244
00:00:37.2418561;122;1;41,75;196
