total_time;number_of_chars;number_of_errors;cpm;wpm
00:00:24.4948721;124;0;65,96;310
00:00:26.0238984;125;2;60,39;284
