total_time;number_of_chars;number_of_errors;wpm;cpm
00:00:24.4948721;124;0;65,96;310
00:00:26.0238984;125;2;60,39;284
00:00:42.1328756;153;1;46,2;217
00:00:25.1644681;115;1;58,21;274
00:00:24.5043381;106;2;55,32;260
00:00:22.4692206;121;0;70,21;330
00:00:29.7298452;129;0;57;267
00:00:23.1578865;120;1;66;310
00:00:22.5052171;116;0;67;316
