total_time;number_of_chars;number_of_errors;cpm;wpm
00:00:39.1510676;162;0;53,03;249
00:00:26.1659472;129;0;63,34;298
00:00:35.3815144;135;0;49,24;231
