total_time;number_of_chars;number_of_errors;cpm;wpm
00:00:26.4960946;122;0;60;282
00:00:25.9564424;111;4;55;257
00:01:02.3757799;291;3;59;279
00:00:46.3970534;179;4;49;228
00:00:40.3674771;171;2;54;254
00:00:46.0340040;173;2;47,46;223
