total_time;number_of_chars;number_of_errors;cpm;wpm
00:00:34.0726167;140;2;51,81;244
00:00:24.6166017;114;0;60,64;285
